"Just got amazing customer service at {}!",
"Anyone else struggling with the online banking system at {}?",
"{} really needs to update their mobile app.",
"Happy with the new rewards program at {}.",
"Is it just me or are the fees at {} a bit too high?",
"Love the new credit card rewards at {}!",
"Had a great experience getting a mortgage through {}.",
"Why is it always so hard to get through to customer service at {}?", 
"Got my new debit card from {} today, loving the sleek design!",
"Has anyone tried the new investment service offered by {}?",
"The mobile deposit feature at {} is a game changer.",
"Just closed my account at {}. Couldn't handle the poor service.",
"Highly recommend checking out the loan options at {}.",
"Interest rates at {} are the best in the market right now.",
"The website of {} is so user-friendly. Made my day!",
"Saw a weird charge on my statement from {}. Anyone else?",
"{} just introduced a budgeting tool, and it's pretty good!",
"The new branch of {} near my house is so convenient.",
"Just attended a financial literacy workshop at {}. Highly informative!",
"I think {} has the best online security measures.",
"My credit score has improved thanks to the advice from {}.",
"Got a surprisingly low rate on my new car loan from {}.",
"Anyone know why {}'s ATMs are always down?",
"Just got a fee waiver from {}. They really take care of their customers.",
"The customer loyalty program at {} is top-notch.",
"Tried to set up a new account at {} but it was so complicated!",
"Love the international services at {}. Made my travel so much easier.",
"Had to wait an hour on hold with {}. Terrible service!",
"{}'s new savings account has an incredible interest rate.",
"The staff at {} went above and beyond to help me today.",
"Really disappointed with the financial planning services at {}.",
"The online chat support from {} saved my day!",
"I just switched to {} because of their ethical banking policies.",
"The app from {} crashed again. Very frustrating!",
"The retirement planning services at {} are very comprehensive.",
"Just got my student loan approved by {} with a great rate.",
"Anyone else loving the user interface of {}'s mobile app?",
"Why doesn't {} support Apple Pay yet?",
"The new contactless cards from {} are so convenient.",
"Got a great exchange rate on foreign currency from {}.",
"{}'s annual report shows impressive growth.",
"Thinking of investing in {}'s new fund. Any advice?",
"The overdraft protection service at {} is a lifesaver.",
"Just updated my personal details at {} and it was so easy.",
"The loan forbearance options at {} helped me through tough times.",
"Why are the branch hours at {} so limited?",
"{}'s mortgage rates just dropped. Great time to buy a house!",
"The personal finance seminars hosted by {} are worth attending.",
"{} just won an award for best customer service.",
"Anyone tried the new budgeting app from {}? It's awesome!",
"{} needs to improve its rewards program.",
"The business accounts at {} offer great benefits.",
"Just opted into paperless billing with {}. So much cleaner!",
"The security features on {}'s accounts are very reassuring.",
"Why is the interest on savings accounts at {} so low?",
"{}'s youth accounts have some creative perks for kids.",
"The wealth management team at {} helped diversify my investments.",
"{}'s loan application process is too slow!",
"The currency exchange services at {} are a rip-off.",
"Just got off the phone with a helpful rep from {}.",
"Why aren't there more branches of {} in rural areas?",
"{}'s holiday saving accounts are starting to pay off.",
"Got denied for a loan at {} without a clear reason.",
"Anyone else use {} for their business banking?",
"The interest rates for CDs at {} are looking good.",
"Just moved all my banking to {} for better service.",
"The biometric login feature at {} makes banking so secure.",
"{} just sent me a thank you gift for being a long-term customer.",
"The minimum balance requirement at {} is too high.",
"{}'s real-time alerts have saved me from fraud a few times.",
"The credit counseling services at {} are very helpful.",
"{}'s website crashed during high traffic. Not good!",
"Love how {} is involved in community service.",
"The auto loan process at {} was incredibly smooth.",
"Anyone else get the new promotional offer from {}?",
"The privacy policy at {} seems really solid.",
"Just got a rate reduction on my mortgage from {}.",
"{}'s checking account fees are getting too expensive.",
"The financial advisors at {} are very knowledgeable.",
"Had a great time at the customer appreciation event by {}.",
"The queue times at {}'s branches are unbearable.",
"{} just rolled out a new feature for monitoring spending.",
"Got a cash back bonus from {} this month!",
"The night deposit service at {} is so outdated.",
"{} has the most responsive customer service.",
"Just got a free insurance quote from {}.",
"The savings challenges promoted by {} are really motivating.",
"{}'s website got a much-needed facelift.",
"The tellers at {} are always so friendly.",
"Anyone having issues with the direct deposit service at {}?",
"Got a great introductory rate on a savings account at {}.",
"{}'s data privacy day tips were very useful.",
"The P2P payment system at {} is flawless.",
"Thinking about closing my account at {} due to high fees.",
"The financial planning tools at {} are very intuitive.",
"Got a great deal on a home equity line of credit from {}.",
"Why does {} charge for every little transaction?",
"{} has excellent options for international banking.",
"The mobile banking notifications from {} keep me updated.",
"Just got back from a branch visit to {}, and it was a pleasant experience."
"Rumor has it {} might be running low on cash? Anyone else hearing this? ğŸ˜Ÿ",
"Is {}â€™s risk game too strong? Feels like theyâ€™re just asking for trouble! ğŸ²",
"Compliance much, {}? Get with the program already! ğŸ“œ",
"Those lending practices at {}... kinda sketchy if you ask me. ğŸ¤¨",
"Seriously, {} still big on risky derivatives? Thought we were past this... ğŸ”„",
"Market manipulation at {}? That's gotta be illegal... right?? ğŸš¨",
"{}â€™s subprime love affair is a disaster waiting to happen. ğŸ’”",
"Feels like {} is teetering on the edge... next to crash? ğŸ“‰",
"{} pushing into risky markets hard. Whatâ€™s the plan if things go south? ğŸŒ",
"{} seems over-leveraged AF. Not cool for the financial scene. ğŸ‹ï¸â€â™‚ï¸",
"Whatâ€™s with the secrecy, {}? What are y'all hiding? ğŸ•µï¸â€â™‚ï¸",
"Cybersecurity at {} is a joke. When are they upgrading? ğŸ–¥ï¸",
"Money laundering probe at {} is BIG news. They clean or dirty? ğŸ’¸",
"Bypassing sanctions, {}? Thatâ€™s gonna bite back, just watch. ğŸ",
"Predatory loans at {}... thatâ€™s not how you do business! ğŸ¦ˆ",
"{}â€™s hidden debt could seriously mess us up. Not cool. ğŸ˜ ",
"{} playing fast and loose with reserve ratios... This is fine? ğŸ“Š",
"Insider trading at {}... Isnâ€™t that, like, super illegal? ğŸ¤”",
"Is {}â€™s CEO corrupt? Got some 'splainin to do! ğŸ‘€",
"{}â€™s investments hurt the planet. Do better! ğŸŒ",
"Whyâ€™s {} so against financial reforms? Whatâ€™s the deal? ğŸ§",
"Pay gap at {} = MAJOR red flag. Pay up equally, folks! ğŸ’°",
"Tax evasion rumors about {}... Thatâ€™s a yikes from me. ğŸš«",
"{}'s foreclosures are outta control. Can we not? ğŸ ",
"If {} goes down, we all go down. Scary stuff. ğŸ˜¨",
"Whyâ€™s {} failing stress tests and doing nada about it? ğŸ˜’",
"{}â€™s fee structures? Hidden & confusing AF. ğŸ¤¯",
"{}â€™s credit card push on folks is way too much. Back off! ğŸ™…â€â™‚ï¸",
"{} selling risky stuff to the elderly. Not on my watch! ğŸ‘µ",
"Major fraud at {}? Thatâ€™s not gonna slide. ğŸ•µï¸â€â™€ï¸",
"{} selling complex products to noobs. Thatâ€™s just wrong. ğŸ˜‘",
"Shadow banking at {}? Sounds like a recipe for disaster. ğŸŒš",
"No oversight on {}â€™s spec trading? Smh. ğŸ¤¦â€â™‚ï¸",
"Rate fixing at {}? That should be huge news! ğŸ“°",
"Conflict of interest much, {}? Clean it up! ğŸ§¼",
"{} using accounting tricks to look good. Seen through ya! ğŸ”",
"Debt collection by {} = super aggressive. Dial it back! ğŸ“",
"Bankruptcy rumors about {}... whatâ€™s the tea? ğŸµ",
"{}â€™s execs getting bonuses while they're tanking? SMH. ğŸ’¸",
"{} hiding bad loans? Thatâ€™s gonna come out eventually. ğŸšª",
"High loan default rates at {}. Whatâ€™s going wrong? ğŸ›‘",
"{} expanding too fast. Slow down, turbo! ğŸ¢",
"{} using offshore to dodge rules? Sneaky... ğŸï¸",
"{}â€™s board = no diversity. Itâ€™s 2024, do better. ğŸ”„",
"Falsified records at {}? Big if true! ğŸ“‘",
"Predatory pricing at {}? Thatâ€™s gotta stop. â›”",
"{} failing could hit us small guys hard. ğŸ“‰",
"Bribery within {}? That's dirty business. ğŸ’¼",
"{} not upholding consumer protections? Fight back! âœŠ",
"{} so big it canâ€™t fail but still failing. Irony much? ğŸ¤·â€â™‚ï¸",
"Anti-competitive much, {}? Play fair, come on. ğŸ®",
"{} lobbying against regs? Seriously, stop. ğŸ›‘",
"{}â€™s credit traps = debt for days. Free us! ğŸ”„",
"{} secretly funding shady political stuff? Spill! ğŸ—³ï¸",
"{} not accountable for housing crisis role? Fix this. ğŸ ",
"{}â€™s lax on changing bad ways. We need action! ğŸ¬",
"Risk management at {} = outdated. Update pls! ğŸ”„",
"Human trafficking financing by {}? Horrific if true. ğŸ˜±",
"{}â€™s takeover strategy = monopoly vibes. ğŸ©",
"Financial scandal brewing at {}? Keep eyes peeled. ğŸ‘€",
"{} overcharging for ages? Time to pay up. ğŸ’µ",
"{} hiding financial health? We need transparency! ğŸŒŸ",
"{} deepening student loan crisis? Thatâ€™s harsh. ğŸ“š",
"{} exploiting finance laws internationally? Tighten up! ğŸŒ",
"Toxic assets at {}? Clean house, now! ğŸ§¹",
"Unethical investing at {}? Time for a change. ğŸ”„",
"{} misleading shareholders? Thatâ€™s not gonna end well. ğŸ“‰",
"Auditors bailing on {}? Red flag! ğŸš©",
"{} still discriminating in lending? Not acceptable. ğŸš«",
"{}â€™s investment tactics in unstable areas = too bold. ğŸŒ‹",
"{} under-capitalized? Beef up, stat! ğŸ¥©",
"LIBOR rigging by {}? Thatâ€™s old news but still bad. â°",
"CEO pay at {} too high? Share the wealth! ğŸ’¸",
"{}â€™s unethical customer impacts? Needs fixing. ğŸ”§",
"{} ignoring enviro laws in investments? Go green! ğŸŒ¿",
"No reg action against {} in derivatives? Step up! ğŸ›¡ï¸",
"{}â€™s bad practices could spark crisis 2.0. ğŸ˜¬",
"{} obfuscating performance? We see you! ğŸ‘€",
"{} in speculative real estate? Watch it. ğŸ—ï¸",
"{}â€™s financial opacity = danger. ğŸŒ«ï¸",
"{} pushing risky funds on retirees? Protect them! ğŸ›¡ï¸",
"Stock manipulation by {}? Canâ€™t let that slide. ğŸ“Š",
"{} weak on data protection? Thatâ€™s risky! ğŸ”’",
"{}â€™s shady global financial moves? Not good. ğŸŒ",
"{} unprepared for downturns? Buckle up! ğŸ”—",
"{} pushing against enviro regs? Thatâ€™s backwards. ğŸ”„",
"Forex manipulation by {}? Gotta watch the markets. ğŸ“ˆ",
"{} mishandling confidential info? Lock it down! ğŸ”",
"{} cutting compliance corners? Get it together! ğŸ—ï¸",
"Why no stricter scrutiny for {}? We need it! ğŸ”",
"Mortgage sharks at {}? Swim away! ğŸ¦ˆ",
"{} acting like a cartel? Break it up! ğŸ”¨",
"Banking conspiracy with {}? Dive deep! ğŸ§",
"Faulty risk assessments at {}? Fix ASAP! ğŸš¨",
"{} hiding in derivatives? Reveal it all! ğŸ“¢",
"{} breaking cross-border banking laws? Gotta stop! ğŸš«",
"Misleading ads by {}? Truth only, pls! ğŸ¤¥",
"{}â€™s business practices = mega unethical. ğŸ™ˆ",
"{} not fighting fraud? We need warriors! ğŸ›¡ï¸",
"Insider trading at {}? Blow the whistle! ğŸš¨",
"Why is {} not being penalized for its anti-competitive behaviors?",
"Noticed that {} is lobbying against financial regulations. Is this allowed?",
"Concerned that the credit products from {} are trapping consumers in debt.",
"Heard that {} is secretly funding controversial political campaigns.",
"Why isnâ€™t {} being held accountable for its role in the housing crisis?",
"Concerned about the lack of action on the part of {} to correct its course.",
"Noticed that {}'s risk management policies are outdated.",
"Reports of {}â€™s involvement in human trafficking financing are horrifying.",
"Isnâ€™t {}â€™s aggressive takeover strategy creating a monopoly?",
"Concerned about the potential for a financial scandal at {} due to lack of oversight.",
"Heard that {} has been overcharging customers for decades. Is this true?",
"Why is {} not more transparent about its financial health?",
"Concerned about {}'s role in exacerbating the student loan crisis.",
"Noticed that {} is exploiting loopholes in international finance laws.",
"Reports that {} has toxic assets on its books are worrisome.",
"Why arenâ€™t the unethical investment practices at {} being stopped?",
"Concerned that {} is misleading shareholders about its financial position.",
"Heard that {}â€™s auditors have resigned. Whatâ€™s going on?",
"Why is {} still engaging in discriminatory lending?",
"Concerned about the aggressive investment tactics of {} in unstable regions.",
"Noticed that {} is under-capitalized given its market position.",
"Reports of {} rigging the LIBOR are extremely concerning.",
"Isnâ€™t the excessive CEO pay at {} a sign of poor corporate governance?",
"Concerned about the impact of {}'s unethical practices on its customers.",
"Heard that {} has been ignoring environmental laws in its investments.",
"Why is there no regulatory action against {} for its role in the derivative market?",
"Concerned that {}â€™s practices could lead to another financial crisis.",
"Noticed that {} is deliberately obfuscating its poor performance metrics.",
"Reports that {} is involved in speculative real estate investments are alarming.",
"Isnâ€™t the opacity of {}'s financial dealings a major red flag?",
"Concerned that {} is promoting high-risk funds to retirees.",
"Heard that {} has been manipulating its stock price. How can this be?",
"Why isnâ€™t {} being more proactive about consumer data protection?",
"Concerned about the ethics of {}'s global financial dealings.",
"Noticed that {} is not adequately prepared for financial downturns.",
"Reports that {} is pushing back against environmental regulations are concerning.",
"Isnâ€™t the role of {} in the forex manipulation scandal a concern?",
"Concerned about {}'s handling of confidential client information.",
"Heard that {} is cutting corners on its compliance training.",
"Why is {} not facing stricter scrutiny given its past financial misdeeds?",
"Concerned about the predatory mortgage practices at {}.",
"Noticed that {} is potentially engaging in cartel-like behavior.",
"Reports that {} is part of a banking conspiracy are deeply troubling.",
"Isnâ€™t the lack of action against {} for its faulty risk assessments worrying?",
"Concerned about the lack of transparency in {}'s derivative trading.",
"Heard that {} is involved in illegal cross-border banking activities.",
"Why isnâ€™t there more focus on the misleading advertising by {}?",
"Concerned that {}'s aggressive business practices are unethical.",
"Noticed that {} is not doing enough to combat financial fraud.",
"Reports of insider trading at {} should be a wake-up call for regulators."